age,job,marital,education,default,housing,loan,contact,month,day_of_week,duration,campaign,pdays,previous,poutcome,y
49,blue-collar,married,basic.9y,unknown,no,no,cellular,nov,wed,227,4,999,0,nonexistent,no
37,entrepreneur,married,university.degree,no,no,no,telephone,nov,wed,202,2,999,1,failure,no
78,retired,married,basic.4y,no,no,no,cellular,jul,mon,1148,1,999,0,nonexistent,yes
36,admin.,married,university.degree,no,yes,no,telephone,may,mon,120,2,999,0,nonexistent,no
59,retired,divorced,university.degree,no,no,no,cellular,jun,tue,368,2,999,0,nonexistent,no
29,admin.,single,university.degree,no,no,no,cellular,aug,wed,256,2,999,0,nonexistent,no
26,student,single,basic.9y,no,no,no,telephone,aug,wed,449,1,999,0,nonexistent,yes
30,blue-collar,married,basic.4y,no,yes,no,cellular,nov,wed,126,2,999,0,nonexistent,no
50,blue-collar,married,basic.4y,unknown,no,no,telephone,may,fri,574,1,999,0,nonexistent,no
33,admin.,single,high.school,no,yes,no,cellular,jul,tue,498,5,999,0,nonexistent,no
44,services,divorced,high.school,no,yes,no,cellular,jul,mon,158,5,999,0,nonexistent,no
32,technician,married,university.degree,no,yes,no,telephone,may,fri,93,5,999,0,nonexistent,no
26,self-employed,single,professional.course,no,yes,no,cellular,jul,thu,71,1,999,0,nonexistent,no
43,management,married,university.degree,no,no,yes,telephone,jul,thu,203,1,999,0,nonexistent,no
56,blue-collar,married,basic.9y,no,no,no,cellular,may,thu,369,1,999,0,nonexistent,no
40,blue-collar,married,basic.9y,no,yes,no,cellular,may,wed,954,1,999,0,nonexistent,yes
32,admin.,divorced,university.degree,no,yes,no,cellular,aug,tue,105,1,999,0,nonexistent,no
47,technician,single,professional.course,unknown,no,no,telephone,may,tue,148,5,999,0,nonexistent,no
50,services,single,basic.4y,no,yes,no,telephone,may,tue,98,9,999,0,nonexistent,no
34,admin.,single,university.degree,no,no,yes,cellular,mar,tue,288,2,3,1,success,yes
46,services,married,unknown,no,no,no,cellular,aug,tue,177,1,999,0,nonexistent,no
39,blue-collar,married,basic.4y,no,no,no,cellular,may,thu,155,1,999,0,nonexistent,no
41,admin.,divorced,basic.6y,no,no,no,telephone,jul,mon,141,1,999,0,nonexistent,no
30,technician,single,unknown,no,yes,no,telephone,may,mon,144,3,999,0,nonexistent,no
55,unemployed,divorced,university.degree,no,no,no,cellular,mar,tue,212,3,6,3,success,yes
33,blue-collar,single,basic.4y,no,yes,no,cellular,oct,fri,146,1,999,1,failure,no
46,services,married,high.school,no,no,no,cellular,apr,wed,325,2,999,0,nonexistent,no
38,blue-collar,divorced,high.school,no,yes,yes,cellular,nov,wed,291,1,999,0,nonexistent,no
36,admin.,divorced,university.degree,unknown,yes,yes,cellular,jul,wed,103,1,999,0,nonexistent,no
30,technician,single,professional.course,no,yes,no,cellular,aug,thu,121,1,999,0,nonexistent,no
34,technician,single,high.school,no,no,no,telephone,jun,fri,236,7,999,0,nonexistent,no
63,retired,married,basic.4y,no,no,no,cellular,aug,thu,163,1,999,0,nonexistent,no
46,admin.,single,university.degree,no,yes,no,cellular,nov,tue,1166,3,999,1,failure,no
44,self-employed,divorced,professional.course,no,yes,yes,cellular,jun,thu,134,1,999,1,failure,no
55,retired,married,basic.4y,unknown,yes,yes,cellular,aug,wed,89,1,999,0,nonexistent,no
32,admin.,single,university.degree,no,no,no,cellular,may,fri,800,5,999,0,nonexistent,no
34,admin.,married,university.degree,no,no,no,cellular,jul,wed,266,1,999,0,nonexistent,no
33,self-employed,married,university.degree,no,no,no,telephone,may,tue,367,5,999,0,nonexistent,no
34,blue-collar,married,basic.9y,no,yes,no,cellular,apr,fri,70,1,999,1,failure,no
23,admin.,married,high.school,no,no,no,cellular,apr,mon,297,4,999,0,nonexistent,no
39,blue-collar,married,basic.6y,no,no,no,cellular,may,fri,138,1,999,0,nonexistent,no
30,technician,married,university.degree,no,no,no,telephone,may,fri,282,2,999,0,nonexistent,no
41,technician,divorced,professional.course,no,no,no,cellular,apr,thu,774,2,999,1,failure,yes
55,unknown,married,unknown,unknown,yes,no,cellular,aug,thu,60,4,999,0,nonexistent,no
30,admin.,married,university.degree,no,no,no,telephone,jun,fri,75,1,999,0,nonexistent,no
48,services,divorced,high.school,no,no,yes,cellular,jul,mon,88,4,999,0,nonexistent,no
36,technician,single,professional.course,no,yes,no,cellular,aug,thu,474,1,999,0,nonexistent,yes
46,self-employed,married,basic.4y,no,yes,yes,cellular,nov,tue,162,1,999,1,failure,no
48,admin.,single,high.school,no,no,no,cellular,apr,mon,223,2,999,0,nonexistent,no
36,entrepreneur,married,high.school,no,yes,no,telephone,jun,mon,112,4,999,0,nonexistent,no
53,self-employed,married,university.degree,no,yes,no,telephone,may,wed,232,1,999,0,nonexistent,no
56,retired,married,basic.9y,no,yes,yes,telephone,may,wed,71,4,999,0,nonexistent,no
48,blue-collar,married,unknown,unknown,unknown,unknown,cellular,aug,thu,642,3,999,0,nonexistent,no
35,blue-collar,married,basic.9y,no,no,no,cellular,may,fri,211,1,999,1,failure,no
50,entrepreneur,married,professional.course,unknown,yes,no,cellular,aug,thu,293,4,999,0,nonexistent,no
32,technician,single,professional.course,no,yes,yes,cellular,apr,mon,230,1,999,1,failure,no
37,technician,single,university.degree,no,no,no,telephone,jun,mon,182,2,999,0,nonexistent,no
56,services,divorced,high.school,unknown,no,no,telephone,may,mon,154,1,999,0,nonexistent,no
35,blue-collar,single,basic.9y,no,yes,no,cellular,jul,tue,120,6,999,0,nonexistent,no
51,blue-collar,married,basic.4y,no,yes,no,cellular,may,wed,440,2,999,0,nonexistent,yes
51,admin.,married,university.degree,no,no,no,cellular,jun,mon,297,4,999,0,nonexistent,yes
44,technician,divorced,professional.course,unknown,yes,no,cellular,apr,thu,172,2,999,0,nonexistent,no
36,blue-collar,married,basic.9y,no,yes,no,telephone,may,mon,121,2,999,0,nonexistent,no
36,unemployed,married,university.degree,no,no,no,cellular,jul,thu,616,2,999,0,nonexistent,no
47,admin.,single,university.degree,no,no,no,cellular,aug,thu,310,3,999,0,nonexistent,no
30,technician,single,professional.course,no,yes,no,cellular,aug,fri,126,1,999,0,nonexistent,no
32,admin.,married,university.degree,no,no,no,cellular,jul,thu,46,4,999,0,nonexistent,no
39,admin.,married,university.degree,unknown,yes,no,telephone,jul,wed,197,4,999,0,nonexistent,no
71,retired,married,professional.course,no,no,no,cellular,sep,fri,313,1,999,0,nonexistent,no
34,admin.,single,high.school,no,no,no,cellular,nov,wed,347,1,999,0,nonexistent,no
32,admin.,single,university.degree,unknown,unknown,unknown,telephone,may,tue,49,1,999,0,nonexistent,no
58,services,married,basic.4y,no,no,no,telephone,may,fri,226,1,999,0,nonexistent,no
21,blue-collar,single,basic.9y,no,no,no,cellular,jul,wed,219,1,999,0,nonexistent,no
39,blue-collar,married,basic.9y,no,yes,no,cellular,may,fri,8,6,999,0,nonexistent,no
39,entrepreneur,married,high.school,unknown,no,yes,telephone,may,wed,173,7,999,0,nonexistent,no
39,management,married,high.school,no,yes,no,cellular,nov,tue,84,1,999,0,nonexistent,no
45,blue-collar,married,basic.9y,unknown,no,no,telephone,may,tue,107,2,999,0,nonexistent,no
40,admin.,single,high.school,no,no,no,telephone,may,tue,371,2,999,0,nonexistent,no
49,admin.,married,high.school,no,no,no,cellular,aug,tue,15,13,999,0,nonexistent,no
48,technician,single,high.school,no,yes,yes,telephone,may,fri,115,2,999,0,nonexistent,no
25,admin.,single,high.school,no,no,no,telephone,may,tue,268,3,999,0,nonexistent,no
49,blue-collar,divorced,unknown,unknown,yes,no,cellular,jul,wed,284,1,999,0,nonexistent,no
33,blue-collar,single,basic.9y,unknown,no,no,cellular,may,mon,130,3,999,0,nonexistent,no
35,services,single,basic.9y,no,no,no,cellular,jul,fri,61,2,999,0,nonexistent,no
33,entrepreneur,married,university.degree,no,no,no,cellular,jul,mon,611,2,999,0,nonexistent,no
36,housemaid,married,basic.4y,no,no,no,telephone,jun,mon,152,2,999,0,nonexistent,no
49,admin.,single,high.school,no,no,no,telephone,may,tue,363,5,999,0,nonexistent,no
30,management,married,university.degree,no,no,no,cellular,may,fri,67,1,999,1,failure,no
77,retired,married,basic.4y,no,unknown,unknown,cellular,jul,tue,218,2,3,1,success,yes
34,management,married,university.degree,no,yes,no,telephone,may,fri,247,1,999,0,nonexistent,no
48,management,divorced,university.degree,unknown,no,no,cellular,may,thu,33,6,999,0,nonexistent,no
44,management,married,high.school,unknown,no,yes,telephone,jul,mon,73,5,999,0,nonexistent,no
50,unemployed,married,professional.course,no,no,no,telephone,may,thu,189,1,999,0,nonexistent,no
49,blue-collar,married,basic.9y,unknown,no,no,cellular,jul,thu,134,1,999,0,nonexistent,no
28,admin.,single,university.degree,no,no,no,cellular,aug,thu,489,5,999,0,nonexistent,yes
50,blue-collar,divorced,basic.9y,no,no,no,telephone,may,fri,878,3,999,0,nonexistent,no
40,admin.,single,high.school,no,yes,no,cellular,jun,tue,154,1,999,1,failure,no
48,services,married,basic.9y,unknown,no,no,cellular,may,fri,18,8,999,0,nonexistent,no
32,technician,married,university.degree,no,yes,yes,telephone,jul,thu,50,6,999,0,nonexistent,no
29,admin.,married,high.school,no,no,no,telephone,jun,mon,255,1,999,0,nonexistent,no
29,admin.,single,high.school,no,yes,no,telephone,may,mon,26,1,999,0,nonexistent,no
55,entrepreneur,divorced,university.degree,no,no,no,cellular,nov,fri,110,2,999,0,nonexistent,no
45,unknown,married,unknown,unknown,yes,no,telephone,may,thu,56,2,999,0,nonexistent,no
52,technician,divorced,professional.course,unknown,yes,no,telephone,jun,mon,56,8,999,0,nonexistent,no
32,technician,single,university.degree,no,yes,no,cellular,may,wed,75,4,999,0,nonexistent,no
38,technician,married,professional.course,unknown,yes,no,telephone,may,tue,153,2,999,0,nonexistent,no
33,admin.,single,university.degree,no,yes,no,cellular,oct,fri,233,1,999,0,nonexistent,yes
29,technician,single,professional.course,no,yes,no,cellular,aug,thu,94,4,999,0,nonexistent,no
37,admin.,married,university.degree,no,yes,no,cellular,aug,tue,198,2,999,0,nonexistent,no
80,retired,married,basic.4y,no,yes,no,cellular,mar,thu,156,1,999,0,nonexistent,yes
57,management,married,university.degree,no,yes,no,telephone,nov,fri,109,1,999,0,nonexistent,no
37,blue-collar,divorced,basic.9y,no,yes,no,telephone,may,thu,604,4,999,0,nonexistent,yes
40,admin.,married,high.school,unknown,no,yes,telephone,may,fri,84,3,999,0,nonexistent,no
43,services,divorced,unknown,unknown,yes,yes,cellular,jul,tue,483,7,999,0,nonexistent,no
22,blue-collar,single,basic.4y,no,yes,no,telephone,nov,thu,16,1,999,0,nonexistent,no
41,self-employed,married,professional.course,no,yes,no,cellular,may,thu,46,1,999,0,nonexistent,no
35,blue-collar,single,basic.6y,unknown,yes,no,cellular,jul,mon,153,1,999,0,nonexistent,no
37,blue-collar,married,basic.9y,unknown,no,no,telephone,jul,mon,179,2,999,0,nonexistent,no
44,technician,divorced,professional.course,no,yes,no,cellular,may,thu,245,3,999,0,nonexistent,no
32,blue-collar,single,high.school,no,no,no,telephone,jul,thu,234,4,999,0,nonexistent,no
60,retired,married,basic.4y,unknown,no,no,cellular,aug,tue,332,3,999,0,nonexistent,no
36,blue-collar,married,unknown,no,yes,no,cellular,may,thu,131,1,999,0,nonexistent,no
51,admin.,divorced,university.degree,no,unknown,unknown,telephone,may,wed,160,2,999,0,nonexistent,no
36,entrepreneur,married,university.degree,no,no,no,telephone,may,wed,386,3,999,0,nonexistent,no
46,services,married,high.school,no,yes,no,cellular,apr,wed,201,2,999,0,nonexistent,no
30,management,single,university.degree,no,no,no,cellular,apr,wed,244,3,999,0,nonexistent,no
33,admin.,married,university.degree,no,no,no,cellular,sep,mon,369,3,999,0,nonexistent,yes
36,admin.,married,high.school,unknown,yes,yes,cellular,may,mon,264,1,10,1,success,no
27,unemployed,single,basic.9y,no,no,no,cellular,apr,fri,48,2,999,1,failure,no
37,services,married,high.school,unknown,yes,yes,telephone,may,thu,73,3,999,0,nonexistent,no
50,entrepreneur,married,high.school,no,yes,yes,cellular,may,fri,1326,6,999,1,failure,no
37,services,married,high.school,no,yes,no,cellular,may,wed,130,1,999,0,nonexistent,no
24,technician,single,university.degree,no,yes,no,cellular,apr,thu,170,1,999,0,nonexistent,no
31,housemaid,married,basic.4y,no,no,no,telephone,jun,wed,91,2,999,0,nonexistent,no
30,admin.,single,high.school,no,yes,no,cellular,may,thu,29,8,999,1,failure,no
33,admin.,married,high.school,no,no,no,telephone,may,wed,307,1,999,0,nonexistent,no
49,admin.,married,university.degree,no,yes,no,cellular,aug,thu,260,1,999,0,nonexistent,no
49,blue-collar,married,basic.9y,unknown,yes,no,telephone,may,wed,170,2,999,0,nonexistent,no
31,technician,single,high.school,no,no,no,cellular,aug,tue,191,1,999,0,nonexistent,no
30,unemployed,married,basic.9y,no,no,no,cellular,jul,fri,154,2,999,0,nonexistent,no
29,technician,married,unknown,no,yes,no,cellular,jul,fri,404,1,999,0,nonexistent,no
41,technician,married,professional.course,no,yes,yes,cellular,aug,fri,264,1,999,0,nonexistent,no
40,admin.,married,university.degree,no,no,no,cellular,aug,mon,23,12,999,0,nonexistent,no
41,blue-collar,divorced,basic.4y,no,yes,no,telephone,jun,wed,122,1,999,0,nonexistent,no
42,blue-collar,married,basic.9y,no,no,no,telephone,may,mon,173,2,999,0,nonexistent,no
37,services,married,high.school,no,no,no,telephone,jun,fri,115,4,999,0,nonexistent,no
34,admin.,married,university.degree,no,yes,no,cellular,may,fri,407,3,8,3,failure,yes
51,services,single,basic.6y,no,yes,no,cellular,jul,fri,48,1,999,0,nonexistent,no
39,housemaid,married,high.school,no,yes,no,telephone,may,fri,61,2,999,0,nonexistent,no
33,technician,divorced,high.school,no,no,no,telephone,may,tue,207,1,999,0,nonexistent,no
39,blue-collar,divorced,high.school,no,no,no,telephone,may,mon,281,1,999,0,nonexistent,no
27,self-employed,single,university.degree,no,yes,no,telephone,jun,fri,244,2,999,0,nonexistent,no
36,management,single,university.degree,no,no,no,cellular,jul,mon,310,5,999,0,nonexistent,no
43,self-employed,married,university.degree,unknown,yes,yes,telephone,jun,wed,1487,1,999,0,nonexistent,no
42,self-employed,married,university.degree,unknown,no,yes,cellular,jul,mon,95,2,999,0,nonexistent,no
35,management,married,university.degree,no,no,no,cellular,apr,thu,375,1,999,0,nonexistent,yes
28,admin.,single,high.school,no,yes,no,cellular,mar,fri,300,1,999,0,nonexistent,yes
47,blue-collar,divorced,basic.9y,no,no,yes,telephone,may,fri,322,1,999,0,nonexistent,no
55,admin.,single,university.degree,unknown,no,no,cellular,nov,mon,142,1,999,0,nonexistent,no
34,services,married,high.school,unknown,no,no,cellular,may,tue,245,5,999,0,nonexistent,no
34,blue-collar,married,basic.4y,no,yes,no,cellular,nov,tue,87,1,999,0,nonexistent,no
44,self-employed,married,basic.9y,unknown,no,no,cellular,aug,mon,136,10,999,0,nonexistent,no
39,blue-collar,married,unknown,unknown,no,no,telephone,jul,wed,218,2,999,0,nonexistent,no
49,services,married,high.school,no,no,no,telephone,may,wed,249,2,999,0,nonexistent,no
36,blue-collar,single,high.school,unknown,no,no,telephone,may,mon,90,2,999,0,nonexistent,no
37,management,married,university.degree,unknown,no,yes,telephone,jun,mon,179,7,999,0,nonexistent,no
37,admin.,married,university.degree,no,yes,no,cellular,aug,tue,356,1,999,0,nonexistent,no
40,admin.,single,high.school,no,yes,no,cellular,jul,tue,635,3,999,0,nonexistent,no
59,technician,married,university.degree,no,no,no,cellular,oct,mon,268,1,999,1,failure,no
49,blue-collar,married,basic.4y,unknown,yes,no,cellular,aug,fri,21,3,999,0,nonexistent,no
53,admin.,single,university.degree,no,yes,no,cellular,jun,fri,304,2,3,1,success,yes
57,blue-collar,married,high.school,unknown,no,no,telephone,jun,tue,171,3,999,0,nonexistent,no
43,technician,married,basic.6y,no,yes,no,telephone,may,wed,261,3,999,0,nonexistent,no
54,entrepreneur,married,professional.course,no,no,no,cellular,nov,tue,1855,1,999,0,nonexistent,yes
51,admin.,divorced,high.school,no,yes,yes,cellular,nov,tue,334,2,6,4,failure,yes
35,blue-collar,divorced,basic.4y,no,yes,no,cellular,jul,tue,123,1,999,0,nonexistent,no
53,admin.,married,university.degree,no,no,no,telephone,jul,fri,120,1,999,0,nonexistent,no
53,entrepreneur,divorced,university.degree,no,yes,no,cellular,nov,mon,68,1,999,0,nonexistent,no
34,admin.,divorced,university.degree,no,yes,no,telephone,jul,thu,332,3,999,1,failure,yes
50,housemaid,divorced,high.school,unknown,yes,no,telephone,jun,wed,763,4,999,0,nonexistent,no
39,admin.,married,university.degree,unknown,no,no,cellular,aug,thu,144,10,999,0,nonexistent,no
27,student,single,high.school,no,yes,no,cellular,may,tue,41,1,999,0,nonexistent,no
27,management,single,university.degree,no,yes,no,cellular,sep,tue,137,2,4,2,success,no
44,blue-collar,single,basic.4y,no,yes,no,telephone,may,thu,106,1,999,0,nonexistent,no
29,self-employed,married,university.degree,no,no,no,cellular,nov,thu,157,2,999,0,nonexistent,no
42,blue-collar,married,basic.4y,unknown,yes,no,telephone,may,fri,72,2,999,0,nonexistent,no
31,technician,single,high.school,no,yes,no,cellular,apr,fri,596,1,999,1,failure,no
29,technician,married,professional.course,no,no,no,cellular,jul,wed,263,2,999,0,nonexistent,no
60,retired,married,university.degree,unknown,yes,no,telephone,may,fri,576,1,999,0,nonexistent,no
28,self-employed,single,university.degree,no,no,yes,cellular,may,mon,315,1,999,0,nonexistent,yes
28,blue-collar,married,basic.9y,no,yes,no,cellular,may,tue,390,1,999,0,nonexistent,yes
40,services,married,high.school,no,no,no,cellular,may,wed,246,4,999,1,failure,no
35,admin.,married,high.school,no,no,no,telephone,may,wed,15,19,999,0,nonexistent,no
36,services,single,high.school,no,no,no,cellular,jul,fri,254,2,999,0,nonexistent,no
36,blue-collar,married,basic.6y,unknown,unknown,unknown,telephone,may,mon,190,1,999,0,nonexistent,no
49,admin.,married,high.school,no,yes,yes,cellular,jul,mon,263,1,999,0,nonexistent,no
47,admin.,married,university.degree,unknown,no,yes,telephone,may,tue,139,2,999,0,nonexistent,no
29,admin.,married,university.degree,no,no,yes,cellular,aug,thu,220,3,999,0,nonexistent,no
35,blue-collar,divorced,basic.9y,no,no,yes,telephone,may,fri,192,6,999,0,nonexistent,no
33,admin.,married,professional.course,no,no,no,telephone,jun,fri,110,4,999,0,nonexistent,no
28,services,single,high.school,no,yes,no,telephone,may,mon,318,1,999,0,nonexistent,no
44,technician,married,professional.course,no,no,no,telephone,may,mon,754,1,999,0,nonexistent,no
34,management,single,university.degree,no,no,no,cellular,jul,thu,257,2,999,0,nonexistent,no
48,admin.,divorced,high.school,no,no,no,telephone,may,thu,66,2,999,0,nonexistent,no
38,technician,married,professional.course,no,no,no,telephone,may,thu,436,1,999,0,nonexistent,no
39,services,married,high.school,no,no,no,cellular,jul,tue,297,1,999,0,nonexistent,no
35,blue-collar,single,basic.4y,no,no,no,cellular,may,fri,12,5,999,0,nonexistent,no
26,admin.,single,university.degree,no,yes,no,cellular,jul,mon,200,2,999,0,nonexistent,no
48,admin.,married,high.school,unknown,yes,yes,cellular,jul,thu,64,1,999,0,nonexistent,no
41,blue-collar,married,basic.9y,no,yes,yes,cellular,may,mon,190,8,999,0,nonexistent,no
37,blue-collar,married,basic.6y,unknown,no,no,cellular,may,thu,635,2,999,0,nonexistent,no
38,technician,single,university.degree,no,yes,no,telephone,jun,tue,267,1,999,0,nonexistent,no
45,blue-collar,married,basic.4y,unknown,no,yes,cellular,may,tue,397,1,999,0,nonexistent,no
45,blue-collar,married,basic.6y,unknown,yes,no,cellular,nov,mon,696,2,999,0,nonexistent,yes
36,student,single,basic.9y,no,yes,no,telephone,jun,thu,176,1,999,0,nonexistent,no
45,blue-collar,married,basic.4y,unknown,yes,yes,telephone,jun,tue,825,1,999,0,nonexistent,no
45,admin.,divorced,university.degree,no,yes,yes,cellular,nov,fri,69,9,999,0,nonexistent,no
35,admin.,divorced,high.school,no,yes,no,cellular,may,mon,88,1,999,1,failure,no
40,blue-collar,married,basic.4y,unknown,no,no,telephone,jun,mon,1238,2,999,0,nonexistent,no
38,unemployed,married,basic.4y,unknown,no,no,cellular,jul,tue,195,1,999,0,nonexistent,no
39,admin.,married,high.school,no,yes,no,telephone,apr,tue,189,1,999,0,nonexistent,no
52,housemaid,married,basic.6y,no,yes,no,cellular,aug,fri,208,1,999,0,nonexistent,no
37,entrepreneur,married,basic.9y,no,no,no,cellular,may,mon,277,1,9,1,success,no
33,admin.,single,high.school,no,yes,no,cellular,oct,mon,61,2,6,2,failure,no
33,admin.,single,university.degree,no,yes,no,cellular,apr,fri,382,2,999,0,nonexistent,no
49,blue-collar,married,basic.4y,unknown,yes,no,telephone,may,thu,282,1,999,0,nonexistent,no
38,admin.,married,high.school,no,yes,no,cellular,may,fri,6,5,999,1,failure,no
34,technician,married,professional.course,no,yes,no,cellular,aug,thu,286,9,999,0,nonexistent,no
38,blue-collar,married,basic.9y,unknown,yes,no,cellular,may,tue,276,1,999,1,failure,no
56,self-employed,married,basic.9y,no,unknown,unknown,cellular,aug,thu,141,1,999,0,nonexistent,no
30,unemployed,married,high.school,no,no,no,cellular,may,mon,417,1,3,1,success,yes
24,student,single,professional.course,no,yes,no,cellular,apr,thu,413,1,999,0,nonexistent,yes
36,technician,married,unknown,no,yes,no,telephone,may,tue,322,2,999,0,nonexistent,no
40,technician,married,basic.9y,no,no,no,cellular,nov,wed,59,1,999,0,nonexistent,no
29,services,married,university.degree,no,no,yes,cellular,jun,fri,89,2,999,0,nonexistent,no
29,blue-collar,married,basic.9y,no,yes,no,cellular,jul,mon,166,1,999,0,nonexistent,no
46,admin.,married,high.school,unknown,yes,no,cellular,apr,mon,9,1,999,0,nonexistent,no
51,admin.,married,high.school,no,no,yes,telephone,jun,thu,222,1,999,0,nonexistent,no
27,services,single,high.school,no,yes,no,cellular,jul,mon,306,2,999,0,nonexistent,no
58,management,married,university.degree,no,yes,no,cellular,may,mon,504,1,999,0,nonexistent,no
29,technician,single,university.degree,no,yes,no,cellular,jun,wed,101,1,999,0,nonexistent,no
43,blue-collar,divorced,basic.4y,unknown,no,no,telephone,may,thu,154,2,999,0,nonexistent,no
34,technician,divorced,professional.course,no,yes,no,cellular,aug,tue,104,3,999,0,nonexistent,no
27,technician,single,basic.9y,unknown,no,no,cellular,jul,fri,171,7,999,0,nonexistent,no
53,management,married,university.degree,no,yes,no,cellular,nov,thu,186,1,999,0,nonexistent,no
44,admin.,single,professional.course,no,yes,no,telephone,nov,thu,25,8,999,0,nonexistent,no
30,blue-collar,married,basic.6y,no,yes,yes,cellular,nov,thu,74,1,999,0,nonexistent,no
32,admin.,single,university.degree,no,yes,no,cellular,aug,thu,206,1,999,0,nonexistent,no
30,technician,single,high.school,no,no,no,cellular,aug,mon,638,4,999,0,nonexistent,yes
46,admin.,divorced,university.degree,unknown,yes,no,cellular,jul,thu,51,1,999,0,nonexistent,no
39,services,divorced,high.school,no,no,no,cellular,may,thu,186,1,999,0,nonexistent,no
28,technician,divorced,professional.course,unknown,yes,no,telephone,may,thu,174,1,999,0,nonexistent,no
34,admin.,unknown,university.degree,no,yes,no,cellular,jul,thu,243,1,999,0,nonexistent,no
50,blue-collar,married,basic.4y,no,no,no,cellular,jul,mon,1130,3,999,0,nonexistent,yes
59,technician,married,unknown,no,yes,no,telephone,may,mon,386,1,999,0,nonexistent,no
27,services,single,high.school,no,yes,no,cellular,may,thu,193,1,999,0,nonexistent,no
32,technician,single,professional.course,no,no,no,cellular,jul,tue,52,5,999,0,nonexistent,no
29,admin.,single,university.degree,no,no,no,telephone,may,thu,141,2,999,0,nonexistent,no
42,services,single,high.school,no,yes,no,cellular,may,mon,7,5,999,2,failure,no
25,blue-collar,single,high.school,unknown,yes,no,telephone,may,mon,300,3,999,2,failure,no
52,housemaid,married,basic.4y,unknown,yes,yes,cellular,aug,mon,85,2,999,0,nonexistent,no
47,technician,divorced,high.school,no,yes,no,cellular,nov,mon,182,1,999,1,failure,yes
43,blue-collar,married,basic.9y,no,yes,yes,cellular,jul,tue,393,2,999,0,nonexistent,no
36,technician,married,professional.course,no,yes,no,telephone,may,mon,232,3,999,0,nonexistent,no
35,technician,single,high.school,no,yes,no,telephone,jun,mon,92,2,999,0,nonexistent,no
56,management,married,university.degree,no,no,yes,telephone,jul,wed,154,1,999,0,nonexistent,no
55,unemployed,married,university.degree,no,yes,no,cellular,nov,thu,303,2,999,0,nonexistent,no
55,services,single,high.school,no,no,yes,cellular,may,wed,107,2,999,0,nonexistent,no
45,admin.,married,university.degree,no,yes,no,cellular,aug,mon,226,1,999,0,nonexistent,no
30,technician,married,university.degree,unknown,no,no,telephone,may,tue,191,1,999,0,nonexistent,no
30,blue-collar,divorced,basic.9y,no,yes,no,cellular,jul,tue,168,2,999,0,nonexistent,no
58,admin.,married,high.school,no,yes,no,cellular,nov,fri,441,1,999,0,nonexistent,no
50,entrepreneur,married,basic.4y,no,yes,no,cellular,nov,tue,286,1,999,0,nonexistent,no
26,blue-collar,single,basic.9y,unknown,yes,no,cellular,jul,fri,151,2,999,0,nonexistent,no
33,admin.,single,university.degree,no,no,no,cellular,jul,mon,546,2,999,0,nonexistent,no
34,blue-collar,married,basic.6y,no,no,no,telephone,may,thu,248,3,999,0,nonexistent,no
34,admin.,married,high.school,no,yes,no,telephone,jul,thu,12,1,999,1,failure,no
29,technician,single,university.degree,no,no,no,cellular,apr,mon,354,1,999,0,nonexistent,no
37,housemaid,single,university.degree,no,no,no,cellular,may,fri,288,2,999,0,nonexistent,yes
24,services,single,professional.course,no,yes,no,cellular,jul,wed,55,1,999,0,nonexistent,no
81,retired,married,basic.6y,no,no,no,cellular,aug,thu,189,2,4,1,success,no
35,blue-collar,married,basic.9y,no,no,no,telephone,may,thu,343,2,999,0,nonexistent,no
24,blue-collar,single,basic.9y,no,no,no,cellular,may,mon,297,1,999,0,nonexistent,no
33,blue-collar,married,basic.6y,no,yes,no,cellular,jul,tue,376,1,999,0,nonexistent,no
32,services,married,high.school,no,yes,yes,cellular,apr,mon,6,6,999,1,failure,no
41,self-employed,married,basic.4y,no,no,no,telephone,jun,mon,174,1,999,0,nonexistent,no
37,technician,divorced,professional.course,no,no,no,cellular,aug,tue,80,1,999,0,nonexistent,no
44,blue-collar,married,professional.course,unknown,no,no,cellular,jul,tue,181,11,999,0,nonexistent,no
57,retired,married,high.school,no,no,no,cellular,aug,wed,115,3,999,0,nonexistent,no
31,entrepreneur,unknown,university.degree,no,no,no,cellular,oct,thu,164,1,999,0,nonexistent,yes
56,retired,married,basic.4y,no,no,no,cellular,nov,tue,79,1,999,0,nonexistent,no
31,admin.,single,university.degree,no,yes,yes,cellular,aug,thu,95,7,999,0,nonexistent,no
43,unemployed,married,basic.9y,no,no,no,cellular,sep,fri,270,2,9,1,success,yes
55,retired,married,university.degree,unknown,no,no,telephone,may,thu,207,1,999,0,nonexistent,no
34,technician,married,university.degree,no,yes,no,cellular,may,thu,69,1,999,0,nonexistent,no
33,blue-collar,single,high.school,no,yes,no,telephone,may,wed,202,2,999,0,nonexistent,no
41,management,married,unknown,no,no,no,telephone,may,tue,172,1,999,0,nonexistent,no
50,management,married,university.degree,no,no,no,cellular,nov,thu,146,1,999,1,failure,no
31,blue-collar,married,basic.6y,unknown,no,no,telephone,jun,wed,91,4,999,0,nonexistent,no
47,management,married,basic.4y,unknown,no,no,telephone,may,fri,463,2,999,0,nonexistent,no
49,entrepreneur,married,high.school,no,no,no,cellular,may,tue,141,1,999,0,nonexistent,no
59,self-employed,married,professional.course,no,yes,no,cellular,apr,mon,274,5,999,0,nonexistent,no
47,admin.,married,university.degree,no,no,no,telephone,may,mon,408,2,999,0,nonexistent,no
46,admin.,married,university.degree,no,yes,no,telephone,may,mon,243,4,999,0,nonexistent,no
26,management,single,university.degree,no,no,no,cellular,may,thu,715,1,999,0,nonexistent,yes
41,self-employed,married,university.degree,no,no,no,telephone,may,tue,402,1,999,0,nonexistent,no
40,technician,married,professional.course,unknown,yes,no,cellular,aug,mon,198,3,999,0,nonexistent,no
47,services,married,high.school,no,no,no,cellular,may,thu,176,1,999,0,nonexistent,no
27,admin.,single,university.degree,no,no,no,cellular,jul,mon,130,1,999,0,nonexistent,no
30,technician,married,professional.course,no,no,no,cellular,jul,tue,333,19,999,0,nonexistent,no
42,admin.,married,university.degree,no,yes,yes,cellular,jul,tue,156,1,999,0,nonexistent,no
39,technician,single,professional.course,no,yes,no,cellular,nov,tue,58,1,999,0,nonexistent,no
29,admin.,single,high.school,no,no,no,cellular,may,wed,290,1,999,0,nonexistent,no
46,blue-collar,married,basic.4y,no,unknown,unknown,telephone,may,mon,445,2,999,0,nonexistent,no
41,admin.,married,university.degree,no,yes,no,telephone,may,thu,55,1,999,0,nonexistent,no
36,housemaid,married,basic.4y,no,no,no,telephone,may,mon,85,1,999,0,nonexistent,no
52,admin.,married,high.school,no,no,no,cellular,aug,wed,114,6,999,0,nonexistent,no
32,admin.,married,high.school,no,yes,no,cellular,jul,wed,154,1,999,0,nonexistent,no
31,services,single,high.school,no,yes,no,telephone,may,fri,31,9,999,0,nonexistent,no
45,blue-collar,married,basic.6y,unknown,yes,no,cellular,aug,wed,134,1,999,0,nonexistent,no
48,housemaid,married,basic.4y,no,yes,no,cellular,aug,mon,132,1,999,0,nonexistent,no
32,admin.,single,high.school,no,no,no,telephone,may,mon,611,2,999,0,nonexistent,no
33,admin.,married,high.school,no,no,no,cellular,nov,thu,133,4,999,0,nonexistent,no
41,entrepreneur,single,high.school,no,yes,no,telephone,jul,thu,153,2,999,0,nonexistent,no
53,technician,married,high.school,no,yes,no,telephone,may,wed,274,2,999,0,nonexistent,no
51,services,married,unknown,no,no,no,cellular,aug,fri,547,3,999,0,nonexistent,no
26,admin.,single,university.degree,no,no,no,cellular,oct,fri,306,1,999,0,nonexistent,yes
27,blue-collar,single,basic.6y,no,no,no,telephone,may,mon,350,1,999,0,nonexistent,no
31,technician,married,professional.course,no,yes,no,cellular,nov,thu,144,2,999,0,nonexistent,no
44,blue-collar,married,basic.4y,no,no,no,cellular,jul,tue,345,5,999,0,nonexistent,no
35,blue-collar,married,basic.9y,no,unknown,unknown,telephone,may,thu,34,1,999,0,nonexistent,no
44,blue-collar,married,basic.4y,unknown,no,no,telephone,may,tue,272,2,999,0,nonexistent,no
41,blue-collar,married,professional.course,unknown,no,no,cellular,nov,tue,124,1,999,0,nonexistent,no
34,technician,married,professional.course,no,yes,yes,cellular,nov,fri,379,2,999,0,nonexistent,no
34,blue-collar,married,basic.9y,no,yes,no,cellular,may,mon,178,1,999,0,nonexistent,no
43,management,married,university.degree,no,yes,no,cellular,may,fri,663,1,999,0,nonexistent,yes
39,blue-collar,divorced,basic.9y,no,no,no,telephone,may,wed,143,1,999,0,nonexistent,no
46,technician,divorced,university.degree,no,no,no,telephone,jun,fri,1288,3,999,0,nonexistent,no
35,technician,divorced,professional.course,no,no,no,cellular,may,fri,354,1,999,0,nonexistent,yes
47,services,married,high.school,unknown,yes,yes,telephone,jun,wed,55,1,999,0,nonexistent,no
27,management,single,university.degree,no,no,no,cellular,may,mon,52,4,999,0,nonexistent,no
37,admin.,married,high.school,unknown,no,no,cellular,may,mon,547,1,999,0,nonexistent,no
52,blue-collar,married,basic.9y,no,yes,no,telephone,may,thu,397,1,999,0,nonexistent,no
43,blue-collar,married,basic.9y,no,yes,no,telephone,may,wed,141,2,999,0,nonexistent,no
31,admin.,single,university.degree,no,yes,no,cellular,aug,fri,76,4,999,0,nonexistent,no
29,admin.,single,university.degree,no,yes,no,cellular,aug,tue,67,1,999,0,nonexistent,no
43,admin.,married,high.school,no,yes,no,cellular,may,fri,126,2,999,1,failure,no
47,entrepreneur,single,university.degree,unknown,yes,no,telephone,jun,fri,39,3,999,0,nonexistent,no
45,unemployed,divorced,basic.4y,no,yes,no,cellular,aug,wed,156,1,999,0,nonexistent,no
39,blue-collar,married,basic.4y,no,no,no,cellular,may,mon,181,1,999,0,nonexistent,no
36,admin.,married,high.school,no,yes,no,cellular,jul,tue,649,2,999,0,nonexistent,no
21,services,single,basic.9y,no,no,no,cellular,apr,mon,293,2,999,0,nonexistent,no
28,admin.,married,high.school,unknown,no,no,cellular,jul,tue,60,3,999,0,nonexistent,no
48,services,divorced,high.school,no,yes,no,cellular,apr,mon,365,1,999,0,nonexistent,no
43,management,married,university.degree,no,no,no,cellular,aug,mon,75,1,999,0,nonexistent,no
37,admin.,single,university.degree,no,no,yes,cellular,aug,mon,220,2,999,0,nonexistent,no
59,retired,divorced,professional.course,no,yes,no,cellular,may,wed,281,3,999,0,nonexistent,no
31,entrepreneur,married,basic.6y,no,yes,no,telephone,may,fri,108,3,999,0,nonexistent,no
57,technician,single,university.degree,unknown,yes,no,cellular,aug,wed,107,8,999,0,nonexistent,no
44,services,married,high.school,no,no,no,cellular,aug,thu,464,3,999,0,nonexistent,no
57,management,divorced,university.degree,unknown,yes,yes,telephone,jun,tue,236,2,999,0,nonexistent,no
26,unknown,single,high.school,unknown,no,no,telephone,jun,thu,237,5,999,0,nonexistent,no
43,retired,married,high.school,no,yes,no,cellular,nov,fri,83,1,999,0,nonexistent,no
34,blue-collar,married,basic.9y,no,yes,no,telephone,jun,fri,232,2,999,0,nonexistent,no
48,admin.,married,high.school,no,no,no,cellular,nov,wed,1061,4,999,0,nonexistent,yes
32,admin.,divorced,high.school,no,yes,no,telephone,may,fri,324,2,999,0,nonexistent,no
38,technician,single,professional.course,no,yes,no,cellular,may,mon,202,3,999,1,failure,no
37,admin.,single,university.degree,unknown,no,yes,cellular,jul,tue,133,4,999,0,nonexistent,no
29,admin.,single,university.degree,unknown,yes,no,cellular,may,fri,104,2,999,0,nonexistent,no
42,admin.,married,university.degree,no,no,no,cellular,aug,wed,68,2,999,0,nonexistent,no
52,management,divorced,university.degree,no,no,no,telephone,jun,thu,20,1,999,0,nonexistent,no
48,unemployed,divorced,basic.4y,no,no,yes,telephone,jun,mon,119,2,999,0,nonexistent,no
30,services,single,unknown,no,yes,no,telephone,may,tue,205,3,999,0,nonexistent,no
41,technician,married,professional.course,no,no,no,cellular,aug,mon,203,2,999,0,nonexistent,no
24,admin.,single,university.degree,no,yes,no,cellular,apr,mon,393,3,999,0,nonexistent,no
57,management,divorced,university.degree,unknown,yes,no,cellular,apr,mon,108,1,999,0,nonexistent,no
28,student,single,university.degree,no,yes,no,cellular,apr,tue,93,3,11,2,failure,no
51,blue-collar,divorced,basic.9y,no,no,no,cellular,jul,mon,293,7,999,0,nonexistent,no
41,technician,married,university.degree,unknown,no,yes,cellular,apr,thu,272,1,999,1,failure,no
25,management,single,university.degree,no,yes,no,cellular,may,mon,362,5,999,0,nonexistent,no
47,admin.,single,university.degree,no,no,no,cellular,jul,tue,108,1,999,0,nonexistent,no
34,admin.,single,high.school,no,yes,no,cellular,jul,fri,108,1,999,0,nonexistent,no
40,admin.,married,basic.9y,unknown,yes,yes,telephone,may,mon,184,4,999,0,nonexistent,no
29,blue-collar,single,unknown,no,no,no,telephone,may,fri,92,3,999,0,nonexistent,no
33,unemployed,married,basic.9y,no,yes,no,telephone,nov,wed,41,1,999,0,nonexistent,no
47,admin.,married,university.degree,no,yes,no,telephone,may,fri,138,6,999,0,nonexistent,no
42,admin.,married,university.degree,no,yes,no,cellular,nov,fri,184,2,999,0,nonexistent,no
55,admin.,married,university.degree,no,yes,yes,cellular,nov,wed,63,1,999,0,nonexistent,no
40,blue-collar,married,basic.9y,no,yes,no,telephone,may,wed,82,4,999,0,nonexistent,no
34,blue-collar,single,basic.9y,unknown,yes,no,telephone,may,mon,55,1,999,0,nonexistent,no
54,blue-collar,married,basic.9y,no,yes,no,telephone,may,wed,90,2,999,0,nonexistent,no
47,admin.,single,university.degree,no,no,no,cellular,aug,thu,429,1,999,0,nonexistent,no
39,services,married,high.school,no,yes,no,cellular,jul,thu,216,2,999,0,nonexistent,no
35,blue-collar,married,basic.9y,unknown,no,no,telephone,may,mon,240,2,999,0,nonexistent,no
34,management,married,high.school,no,no,no,cellular,jul,tue,419,7,999,0,nonexistent,no
31,technician,single,university.degree,no,yes,yes,cellular,nov,fri,244,1,999,0,nonexistent,no
29,blue-collar,single,basic.9y,no,unknown,unknown,telephone,jun,fri,158,1,999,0,nonexistent,no
43,services,married,high.school,unknown,yes,no,telephone,may,fri,99,6,999,0,nonexistent,no
33,blue-collar,married,basic.9y,no,yes,no,cellular,may,tue,112,4,999,0,nonexistent,no
44,admin.,single,university.degree,no,yes,no,telephone,nov,mon,124,1,999,0,nonexistent,no
32,management,single,university.degree,no,no,no,cellular,mar,mon,93,2,999,1,failure,no
37,blue-collar,married,basic.9y,no,unknown,unknown,telephone,may,tue,322,2,999,0,nonexistent,no
28,unemployed,single,basic.9y,no,no,yes,cellular,aug,tue,261,1,999,1,failure,yes
31,technician,divorced,university.degree,no,yes,no,cellular,aug,thu,142,2,999,0,nonexistent,no
33,blue-collar,single,basic.9y,no,yes,no,cellular,may,wed,116,2,999,1,failure,no
29,technician,single,university.degree,no,yes,no,telephone,may,mon,420,1,999,0,nonexistent,no
34,technician,divorced,professional.course,no,no,no,cellular,jul,tue,116,5,999,0,nonexistent,no
34,technician,divorced,unknown,no,yes,no,telephone,jul,thu,190,4,999,0,nonexistent,no
34,blue-collar,divorced,basic.4y,unknown,no,no,telephone,jun,mon,178,1,999,0,nonexistent,no
34,technician,single,professional.course,no,yes,no,cellular,aug,tue,251,1,999,0,nonexistent,no
36,admin.,married,university.degree,no,yes,no,cellular,may,fri,70,1,999,0,nonexistent,no
28,admin.,married,university.degree,no,no,no,cellular,jul,wed,118,1,999,0,nonexistent,no
38,admin.,married,university.degree,no,no,no,cellular,nov,thu,126,1,7,4,failure,yes
34,admin.,married,university.degree,no,yes,no,telephone,may,fri,37,1,999,0,nonexistent,no
53,management,married,university.degree,no,yes,yes,cellular,nov,tue,60,1,999,0,nonexistent,no
36,entrepreneur,single,university.degree,no,yes,no,cellular,nov,wed,115,2,999,0,nonexistent,no
24,student,single,high.school,no,no,no,cellular,aug,fri,65,1,999,2,failure,no
29,blue-collar,single,high.school,unknown,no,no,telephone,may,fri,44,3,999,0,nonexistent,no
47,entrepreneur,married,university.degree,no,yes,no,telephone,may,fri,329,3,999,0,nonexistent,no
33,unemployed,single,university.degree,no,yes,no,cellular,aug,thu,89,2,999,0,nonexistent,no
56,services,divorced,high.school,unknown,yes,no,cellular,may,mon,125,2,999,1,failure,no
38,technician,married,professional.course,no,no,no,cellular,aug,fri,93,1,999,0,nonexistent,no
30,technician,single,professional.course,unknown,yes,yes,cellular,aug,mon,74,2,999,0,nonexistent,no
38,admin.,married,university.degree,no,no,no,cellular,aug,tue,122,2,999,0,nonexistent,no
37,services,married,high.school,no,no,no,telephone,may,thu,1187,2,999,0,nonexistent,no
30,technician,single,professional.course,no,unknown,unknown,telephone,sep,tue,808,1,12,2,failure,yes
38,unemployed,married,high.school,no,no,no,cellular,jul,mon,273,5,999,0,nonexistent,no
40,admin.,single,unknown,unknown,no,yes,telephone,may,mon,61,4,999,0,nonexistent,no
26,technician,single,professional.course,no,no,no,telephone,jun,tue,8,1,999,0,nonexistent,no
45,blue-collar,divorced,professional.course,unknown,yes,no,cellular,jul,wed,74,1,999,0,nonexistent,no
27,unemployed,married,high.school,no,yes,yes,telephone,may,mon,470,1,999,0,nonexistent,no
59,retired,single,high.school,no,no,no,telephone,jun,tue,193,1,999,0,nonexistent,no
49,unemployed,married,high.school,unknown,yes,no,cellular,aug,fri,109,1,999,0,nonexistent,no
29,services,divorced,high.school,no,no,no,telephone,may,wed,282,1,999,0,nonexistent,no
47,admin.,married,university.degree,no,yes,no,cellular,apr,thu,53,1,999,1,failure,no
43,housemaid,married,basic.4y,unknown,no,no,telephone,may,fri,246,1,999,0,nonexistent,no
28,services,married,high.school,no,no,no,cellular,jul,wed,240,2,999,0,nonexistent,no
35,admin.,single,university.degree,no,no,yes,cellular,aug,tue,371,1,999,0,nonexistent,no
47,blue-collar,single,basic.9y,unknown,yes,no,cellular,apr,mon,68,2,999,0,nonexistent,no
58,management,single,professional.course,no,no,no,telephone,may,wed,233,1,999,0,nonexistent,no
36,blue-collar,single,basic.9y,no,yes,no,telephone,jun,thu,21,10,999,0,nonexistent,no
26,admin.,married,basic.9y,no,no,no,cellular,jul,tue,878,2,999,0,nonexistent,yes
50,admin.,divorced,basic.9y,no,yes,yes,cellular,apr,mon,137,2,999,0,nonexistent,no
27,admin.,single,university.degree,no,no,no,cellular,jul,fri,149,1,999,0,nonexistent,no
34,services,divorced,high.school,no,yes,no,telephone,sep,mon,11,1,999,1,failure,no
55,self-employed,married,unknown,unknown,no,no,cellular,jul,mon,136,3,999,0,nonexistent,no
36,management,single,high.school,no,yes,no,cellular,apr,mon,508,1,999,0,nonexistent,no
33,technician,married,professional.course,no,yes,no,telephone,may,wed,120,1,999,0,nonexistent,no
44,blue-collar,married,basic.9y,no,yes,no,telephone,may,thu,480,2,999,0,nonexistent,no
28,services,single,high.school,no,unknown,unknown,cellular,may,tue,48,3,999,1,failure,no
30,blue-collar,married,unknown,no,no,no,telephone,may,wed,85,2,999,0,nonexistent,no
58,unknown,married,basic.4y,no,yes,no,cellular,aug,tue,645,10,999,0,nonexistent,yes
52,retired,divorced,professional.course,no,no,no,cellular,jul,tue,867,2,999,0,nonexistent,no
30,services,divorced,high.school,no,yes,no,telephone,may,thu,67,2,999,0,nonexistent,no
54,blue-collar,married,basic.4y,no,unknown,unknown,cellular,may,mon,352,3,999,1,failure,yes
36,self-employed,married,basic.4y,unknown,yes,no,cellular,aug,wed,175,4,999,0,nonexistent,no
54,management,divorced,university.degree,no,yes,no,telephone,may,mon,843,2,999,0,nonexistent,no
29,technician,single,university.degree,no,no,no,telephone,jun,mon,78,1,999,0,nonexistent,no
45,services,married,high.school,unknown,yes,no,cellular,apr,mon,184,2,999,1,failure,no
30,admin.,married,university.degree,no,no,no,cellular,apr,thu,313,3,999,0,nonexistent,yes
36,admin.,single,high.school,no,unknown,unknown,cellular,dec,mon,480,1,999,1,failure,yes
30,technician,single,university.degree,unknown,yes,no,cellular,aug,thu,78,1,999,0,nonexistent,no
30,management,married,university.degree,no,yes,no,telephone,may,thu,117,2,999,0,nonexistent,no
31,blue-collar,single,basic.4y,unknown,yes,no,cellular,jul,mon,153,3,999,0,nonexistent,no
44,blue-collar,married,basic.4y,no,unknown,unknown,telephone,jun,thu,471,3,999,0,nonexistent,no
58,services,married,high.school,no,no,no,cellular,mar,mon,198,2,999,2,failure,no
44,admin.,single,university.degree,no,no,no,cellular,aug,mon,208,1,999,0,nonexistent,no
56,admin.,divorced,university.degree,no,yes,no,cellular,nov,thu,110,1,999,0,nonexistent,no
52,self-employed,single,professional.course,no,no,yes,cellular,nov,thu,139,1,999,0,nonexistent,no
30,unemployed,divorced,high.school,no,no,no,cellular,jul,fri,167,3,999,0,nonexistent,no
41,housemaid,married,high.school,no,yes,no,cellular,jul,fri,440,4,999,0,nonexistent,no
33,blue-collar,single,high.school,no,yes,no,cellular,mar,wed,203,4,999,1,failure,yes
35,blue-collar,married,basic.6y,unknown,no,yes,telephone,may,thu,57,1,999,0,nonexistent,no
56,technician,married,professional.course,no,yes,no,cellular,aug,thu,124,3,999,0,nonexistent,no
36,admin.,divorced,university.degree,no,yes,no,cellular,aug,mon,146,2,999,2,failure,yes
45,blue-collar,married,unknown,unknown,no,no,cellular,aug,tue,371,3,999,0,nonexistent,no
50,blue-collar,married,basic.6y,unknown,yes,no,telephone,nov,mon,105,3,999,0,nonexistent,no
29,admin.,married,high.school,no,yes,no,telephone,jun,tue,186,1,999,0,nonexistent,no
34,admin.,married,university.degree,no,yes,no,telephone,jun,fri,186,2,999,0,nonexistent,no
31,services,single,high.school,no,yes,no,telephone,may,wed,17,2,999,0,nonexistent,no
40,technician,married,professional.course,no,yes,no,cellular,nov,tue,130,1,999,0,nonexistent,no
44,management,married,university.degree,no,yes,no,cellular,nov,mon,130,1,999,1,failure,no
32,admin.,married,university.degree,no,yes,no,cellular,jul,thu,144,1,999,0,nonexistent,no
33,admin.,single,university.degree,no,yes,no,cellular,apr,mon,143,1,999,0,nonexistent,no
38,blue-collar,single,basic.6y,no,yes,no,cellular,nov,wed,328,1,999,0,nonexistent,no
64,retired,married,university.degree,no,no,no,cellular,mar,tue,700,2,5,1,success,yes
48,blue-collar,married,basic.4y,unknown,yes,no,cellular,jul,thu,203,1,999,0,nonexistent,no
32,blue-collar,divorced,basic.4y,unknown,no,no,telephone,jun,mon,23,2,999,0,nonexistent,no
40,management,married,university.degree,no,unknown,unknown,telephone,jun,mon,61,2,999,0,nonexistent,no
32,blue-collar,single,high.school,no,no,no,cellular,jun,mon,247,1,2,2,success,yes
43,admin.,married,university.degree,no,yes,no,cellular,nov,thu,197,2,999,0,nonexistent,no
29,admin.,single,university.degree,no,no,no,cellular,may,wed,132,2,999,0,nonexistent,no
39,services,married,professional.course,unknown,yes,no,telephone,may,thu,126,4,999,0,nonexistent,no
48,services,married,unknown,no,no,no,cellular,may,mon,486,2,999,0,nonexistent,no
31,technician,single,professional.course,no,yes,yes,cellular,may,mon,282,1,999,0,nonexistent,no
52,technician,married,professional.course,no,yes,no,cellular,jul,thu,402,2,999,0,nonexistent,no
23,management,single,university.degree,no,no,yes,cellular,jul,thu,49,1,999,0,nonexistent,no
55,admin.,married,university.degree,no,yes,no,telephone,mar,thu,220,7,999,0,nonexistent,no
56,services,married,high.school,unknown,no,yes,telephone,may,fri,90,3,999,0,nonexistent,no